{
  "properties": {
    "connectionReferences": {
      "shared_commondataserviceforapps": {
        "impersonation": {},
        "runtimeSource": "embedded",
        "connection": {
          "connectionReferenceLogicalName": "hac_sharedcommondataserviceforapps_82298"
        },
        "api": {
          "name": "shared_commondataserviceforapps"
        }
      },
      "shared_office365": {
        "runtimeSource": "embedded",
        "connection": {
          "connectionReferenceLogicalName": "hac_sharedoffice365_dfc6d"
        },
        "api": {
          "name": "shared_office365"
        }
      }
    },
    "definition": {
      "$schema": "https://schema.management.azure.com/providers/Microsoft.Logic/schemas/2016-06-01/workflowdefinition.json#",
      "contentVersion": "1.0.0.0",
      "parameters": {
        "$connections": {
          "defaultValue": {},
          "type": "Object"
        },
        "$authentication": {
          "defaultValue": {},
          "type": "SecureObject"
        }
      },
      "triggers": {
        "When_a_new_email_arrives_(V3)": {
          "splitOn": "@triggerOutputs()?['body/value']",
          "metadata": {
            "operationMetadataId": "5560ac0e-4b01-4769-9e7c-b58bdb2a5c21"
          },
          "type": "OpenApiConnectionNotification",
          "inputs": {
            "host": {
              "apiId": "/providers/Microsoft.PowerApps/apis/shared_office365",
              "connectionName": "shared_office365",
              "operationId": "OnNewEmailV3"
            },
            "parameters": {
              "folderPath": "Inbox",
              "includeAttachments": true,
              "subjectFilter": "Group insurance",
              "importance": "Any",
              "fetchOnlyWithAttachment": true
            },
            "authentication": "@parameters('$authentication')"
          }
        }
      },
      "actions": {
        "Loop_email_Attachment": {
          "foreach": "@triggerOutputs()?['body/attachments']",
          "actions": {
            "Is_Attachment_exists": {
              "actions": {
                "Extract_information_from_documents": {
                  "runAfter": {},
                  "metadata": {
                    "operationMetadataId": "4f410ff3-4445-469d-b1c1-a48cb8d9bc23",
                    "flowSystemMetadata": {
                      "portalOperationId": "aibuilderpredict_formsprocessing",
                      "portalOperationGroup": "aibuilder",
                      "portalOperationApiDisplayNameOverride": "AI Builder",
                      "portalOperationIconOverride": "https://content.powerapps.com/resource/makerx/static/pauto/images/designeroperations/aiBuilderNew.51dbdb6b.png",
                      "portalOperationBrandColorOverride": "#0A76C4",
                      "portalOperationApiTierOverride": "Standard"
                    }
                  },
                  "type": "OpenApiConnection",
                  "inputs": {
                    "host": {
                      "apiId": "/providers/Microsoft.PowerApps/apis/shared_commondataserviceforapps",
                      "connectionName": "shared_commondataserviceforapps",
                      "operationId": "aibuilderpredict_formsprocessing"
                    },
                    "parameters": {
                      "recordId": "7aec915d-93cc-434c-8482-695852430e4f",
                      "item/requestv2/mimeType": "application/pdf",
                      "item/requestv2/base64Encoded": "@items('Loop_email_Attachment')?['contentBytes']"
                    },
                    "authentication": "@parameters('$authentication')"
                  }
                },
                "Get_Opportunity": {
                  "runAfter": {
                    "Extract_information_from_documents": [
                      "Succeeded"
                    ]
                  },
                  "metadata": {
                    "operationMetadataId": "d99edf3c-31b5-4241-9dba-33846650696a"
                  },
                  "type": "OpenApiConnection",
                  "inputs": {
                    "host": {
                      "apiId": "/providers/Microsoft.PowerApps/apis/shared_commondataserviceforapps",
                      "connectionName": "shared_commondataserviceforapps",
                      "operationId": "ListRecords"
                    },
                    "parameters": {
                      "entityName": "opportunities",
                      "$select": "opportunityid",
                      "fetchXml": "<fetch version=\"1.0\" output-format=\"xml-platform\" mapping=\"logical\" distinct=\"false\">\n  <entity name=\"opportunity\">\n    <attribute name=\"name\" />\n    <attribute name=\"customerid\" />\n    <attribute name=\"estimatedvalue\" />\n    <attribute name=\"statuscode\" />\n    <attribute name=\"opportunityid\" />\n    <order attribute=\"name\" descending=\"false\" />\n    <filter type=\"and\">\n      <condition attribute=\"name\" operator=\"like\" value=\"%@{triggerOutputs()?['body/subject']}%\" />\n    </filter>\n  </entity>\n</fetch>",
                      "$top": 1
                    },
                    "authentication": "@parameters('$authentication')"
                  }
                },
                "Is_Opportunity_does_not_exits": {
                  "actions": {
                    "Create_Plan": {
                      "runAfter": {
                        "Create_Opportunity": [
                          "Succeeded"
                        ]
                      },
                      "metadata": {
                        "operationMetadataId": "944777aa-8a3c-44d0-9c55-37494a591c9f"
                      },
                      "type": "OpenApiConnection",
                      "inputs": {
                        "host": {
                          "apiId": "/providers/Microsoft.PowerApps/apis/shared_commondataserviceforapps",
                          "connectionName": "shared_commondataserviceforapps",
                          "operationId": "CreateRecord"
                        },
                        "parameters": {
                          "entityName": "hac_plans",
                          "item/hac_name": "@outputs('Extract_information_from_documents')?['body/responsev2/predictionOutput/labels/Plan_002ad65c47a0e5f81c616b5dc380e1de1e0/value']",
                          "item/hac_claimsettlement": "@outputs('Extract_information_from_documents')?['body/responsev2/predictionOutput/labels/Claim_00b20a9a9889fcf4cfbabb34267dd09918/value']",
                          "item/hac_coveragetile": "@outputs('Extract_information_from_documents')?['body/responsev2/predictionOutput/labels/Coverage9f28ed9089ae603aaa2e1ac017480b16/value']",
                          "item/hac_coveredamount": "@outputs('Extract_information_from_documents')?['body/responsev2/predictionOutput/labels/Covered_15aa216a5ae23c96622f6490571d2a1a/value']",
                          "item/hac_coveredperson": "@outputs('Extract_information_from_documents')?['body/responsev2/predictionOutput/labels/Covered_38d82702e77831ee925c1f90e036d752/value']",
                          "item/hac_dependents": 806860001,
                          "item/hac_insuranceprovider": "@outputs('Extract_information_from_documents')?['body/responsev2/predictionOutput/labels/Insurancaa61bafb246c0706317a38f1e4b2108f/value']",
                          "item/hac_insurancetopuppremium": "@outputs('Extract_information_from_documents')?['body/responsev2/predictionOutput/labels/Insurancff5f79cf3b4c517a6604594501e040db/value']",
                          "item/hac_isaccidentinsurancecovered": true,
                          "item/hac_Opportunity@odata.bind": "/opportunities(@{outputs('Create_Opportunity')?['body/opportunityid']})",
                          "item/hac_premiumamount": "@outputs('Extract_information_from_documents')?['body/responsev2/predictionOutput/labels/Premium_aa24370981d6dd95a636b36636fd3ea7/value']",
                          "item/hac_topupoptionavailable": 806860000
                        },
                        "authentication": "@parameters('$authentication')"
                      }
                    },
                    "Get_Account": {
                      "runAfter": {},
                      "metadata": {
                        "operationMetadataId": "569266ca-a609-4b1f-951c-723f9f26c99e"
                      },
                      "type": "OpenApiConnection",
                      "inputs": {
                        "host": {
                          "apiId": "/providers/Microsoft.PowerApps/apis/shared_commondataserviceforapps",
                          "connectionName": "shared_commondataserviceforapps",
                          "operationId": "ListRecords"
                        },
                        "parameters": {
                          "entityName": "accounts",
                          "$select": "accountid",
                          "fetchXml": "<fetch version=\"1.0\" output-format=\"xml-platform\" mapping=\"logical\" distinct=\"false\">\n  <entity name=\"account\">\n    <attribute name=\"name\" />\n    <attribute name=\"primarycontactid\" />\n    <attribute name=\"telephone1\" />\n    <attribute name=\"accountid\" />\n    <order attribute=\"name\" descending=\"false\" />\n    <filter type=\"and\">\n      <condition attribute=\"name\" operator=\"like\" value=\"%Green Valley%\" />\n    </filter>\n  </entity>\n</fetch>",
                          "$top": 1
                        },
                        "authentication": "@parameters('$authentication')"
                      }
                    },
                    "Create_Opportunity": {
                      "runAfter": {
                        "Get_Account": [
                          "Succeeded"
                        ]
                      },
                      "metadata": {
                        "operationMetadataId": "0df373e5-8584-41c1-8d85-e30c876f7a57"
                      },
                      "type": "OpenApiConnection",
                      "inputs": {
                        "host": {
                          "apiId": "/providers/Microsoft.PowerApps/apis/shared_commondataserviceforapps",
                          "connectionName": "shared_commondataserviceforapps",
                          "operationId": "CreateRecord"
                        },
                        "parameters": {
                          "entityName": "opportunities",
                          "item/transactioncurrencyid@odata.bind": "/transactioncurrencies(44596a40-c44f-ee11-be6f-0022482db043)",
                          "item/name": "@triggerOutputs()?['body/subject']",
                          "item/parentaccountid@odata.bind": "/accounts(@{first(body('Get_Account')?['value'])?['accountid']})"
                        },
                        "authentication": "@parameters('$authentication')"
                      }
                    }
                  },
                  "runAfter": {
                    "Get_Opportunity": [
                      "Succeeded"
                    ]
                  },
                  "else": {
                    "actions": {
                      "Create_Plan_If_Opportunity_exists": {
                        "runAfter": {},
                        "metadata": {
                          "operationMetadataId": "b83b5dd2-5bef-4a19-a81d-f889af273ce9"
                        },
                        "type": "OpenApiConnection",
                        "inputs": {
                          "host": {
                            "apiId": "/providers/Microsoft.PowerApps/apis/shared_commondataserviceforapps",
                            "connectionName": "shared_commondataserviceforapps",
                            "operationId": "CreateRecord"
                          },
                          "parameters": {
                            "entityName": "hac_plans",
                            "item/hac_name": "@outputs('Extract_information_from_documents')?['body/responsev2/predictionOutput/labels/Plan_002ad65c47a0e5f81c616b5dc380e1de1e0/value']",
                            "item/hac_claimsettlement": "@outputs('Extract_information_from_documents')?['body/responsev2/predictionOutput/labels/Claim_00b20a9a9889fcf4cfbabb34267dd09918/value']",
                            "item/hac_coveragetile": "@outputs('Extract_information_from_documents')?['body/responsev2/predictionOutput/labels/Coverage9f28ed9089ae603aaa2e1ac017480b16/value']",
                            "item/hac_coveredamount": "@outputs('Extract_information_from_documents')?['body/responsev2/predictionOutput/labels/Covered_15aa216a5ae23c96622f6490571d2a1a/value']",
                            "item/hac_coveredperson": "@outputs('Extract_information_from_documents')?['body/responsev2/predictionOutput/labels/Covered_38d82702e77831ee925c1f90e036d752/value']",
                            "item/hac_dependents": 806860001,
                            "item/hac_insuranceprovider": "@outputs('Extract_information_from_documents')?['body/responsev2/predictionOutput/labels/Insurancaa61bafb246c0706317a38f1e4b2108f/value']",
                            "item/hac_insurancetopuppremium": "@outputs('Extract_information_from_documents')?['body/responsev2/predictionOutput/labels/Insurancff5f79cf3b4c517a6604594501e040db/value']",
                            "item/hac_isaccidentinsurancecovered": true,
                            "item/hac_Opportunity@odata.bind": "/opportunities(@{first(body('Get_Opportunity')?['value'])?['opportunityid']})",
                            "item/hac_premiumamount": "@outputs('Extract_information_from_documents')?['body/responsev2/predictionOutput/labels/Premium_aa24370981d6dd95a636b36636fd3ea7/value']",
                            "item/hac_topupoptionavailable": 806860000
                          },
                          "authentication": "@parameters('$authentication')"
                        }
                      }
                    }
                  },
                  "expression": {
                    "not": {
                      "equals": [
                        "@first(body('Get_Opportunity')?['value'])?['accountid']",
                        "@null"
                      ]
                    }
                  },
                  "metadata": {
                    "operationMetadataId": "fbd64b7e-d376-4e30-8e63-e523ea967495"
                  },
                  "type": "If"
                }
              },
              "runAfter": {},
              "expression": {
                "equals": [
                  "@items('Loop_email_Attachment')?['isInline']",
                  false
                ]
              },
              "metadata": {
                "operationMetadataId": "6175fea5-8de8-4455-b105-7ed3083bfe2e"
              },
              "type": "If"
            }
          },
          "runAfter": {},
          "metadata": {
            "operationMetadataId": "ca3ad613-0574-4d21-b190-8c7c0df1b94f"
          },
          "type": "Foreach"
        }
      }
    },
    "templateName": null
  },
  "schemaVersion": "1.0.0.0"
}